"categoria","titulo"
"Deporte","El equipo local gana el campeonato regional"
"Deporte","Maratón internacional atrae a miles de corredores"
"Deporte","La selección nacional se clasifica para el mundial"
"Deporte","Nuevos récords en los Juegos Olímpicos"
"Deporte","La estrella del fútbol anuncia su retiro"
"Deporte","El baloncesto femenino gana el torneo continental"
"Deporte","La liga de béisbol inicia su temporada"
"Deporte","Atleta local rompe récord personal en salto de altura"
"Deporte","El equipo de natación se prepara para el campeonato nacional"
"Deporte","La final de la copa de fútbol se jugará en el estadio local"
"Deporte","El surfista local gana competencia internacional"
"Deporte","La maratón de la ciudad recauda fondos para caridad"
"Deporte","El equipo de rugby se enfrenta a su mayor rival"
"Deporte","La liga de hockey sobre hielo comienza con nuevos equipos"
"Deporte","El torneo de tenis atrae a los mejores jugadores del mundo"
"Deporte","La gimnasia artística celebra un nuevo campeonato"
"Deporte","El ciclismo urbano gana popularidad en la ciudad"
"Deporte","La selección de voleibol se prepara para el campeonato mundial"
"Deporte","El boxeador local se convierte en campeón mundial"
"Deporte","La liga de esports organiza un torneo internacional"
"Cultura","Exposición de arte contemporáneo abre en la ciudad"
"Cultura","Festival de cine presenta películas de todo el mundo"
"Cultura","La feria del libro atrae a miles de lectores"
"Cultura","Concierto benéfico reúne a artistas locales"
"Cultura","Nueva obra de teatro se estrena en el centro cultural"
"Cultura","La música folclórica se celebra en un festival anual"
"Cultura","El museo lanza una nueva colección de arte clásico"
"Cultura","La danza contemporánea se presenta en el teatro nacional"
"Cultura","El patrimonio cultural de la ciudad es reconocido por la UNESCO"
"Cultura","La literatura infantil recibe un premio nacional"
"Cultura","El arte urbano transforma el paisaje de la ciudad"
"Cultura","La gastronomía local es protagonista en un festival internacional"
"Política","Nuevo acuerdo de paz firmado entre las naciones"
"Política","Las elecciones locales se celebran con alta participación"
"Política","El gobierno presenta un nuevo plan de infraestructura"
"Política","Protestas masivas exigen cambios en la política ambiental"
"Política","El parlamento aprueba una nueva ley de derechos humanos"
"Política","Cumbre internacional aborda crisis migratoria"
"Política","El presidente anuncia reformas económicas"
"Política","Debate presidencial atrae la atención de la nación"
"Política","La oposición critica la gestión del gobierno actual"
"Política","Acuerdo comercial entre países genera controversia"
"Tecnología","Lanzamiento de un nuevo smartphone con innovaciones"
"Tecnología","La inteligencia artificial revoluciona el sector salud"
"Tecnología","Nuevas tecnologías de energía renovable son presentadas"
"Tecnología","El avance en robótica transforma la industria"
"Tecnología","La realidad virtual se utiliza en la educación"
"Tecnología","Un nuevo software mejora la productividad empresarial"
"Tecnología","Las redes 5G se expanden por todo el país"
"Tecnología","El ciberseguridad se convierte en prioridad para las empresas"
"Tecnología","Innovaciones en transporte eléctrico son presentadas"
"Tecnología","El comercio electrónico sigue creciendo a pasos agigantados"
"Salud","Estudio revela beneficios del ejercicio regular"
"Salud","Nuevos tratamientos para enfermedades crónicas son aprobados"
"Salud","La salud mental se convierte en prioridad en la atención médica"
"Salud","Campaña de vacunación alcanza a miles de personas"
"Salud","Investigación sobre la alimentación saludable avanza"
"Salud","El acceso a la atención médica se amplía en comunidades rurales"
"Salud","La telemedicina gana popularidad entre los pacientes"
"Salud","Nuevas pautas de salud pública son emitidas por el gobierno"
"Salud","El impacto del estrés en la salud es objeto de estudio"
"Salud","La prevención de enfermedades se promueve en escuelas"
"Economía","El mercado bursátil alcanza un nuevo récord"
"Economía","La inflación afecta a los precios de bienes básicos"
"Economía","Nuevas políticas fiscales son implementadas por el gobierno"
"Economía","El desempleo disminuye en el último trimestre"
"Economía","Las pequeñas empresas reciben apoyo financiero"
"Economía","El comercio internacional se recupera tras la pandemia"
"Economía","El turismo muestra señales de recuperación"
"Economía","Inversiones en infraestructura impulsan el crecimiento económico"
"Economía","El sector tecnológico lidera el crecimiento del empleo"
"Economía","Las criptomonedas generan interés entre los inversores"
